sample_id,video_id,frame_id,track_id,label,hand_above_shoulder,arm_bend,knee_raise,center_raise,body_tilt,limb_span,alternating_limb,overall_ascent,has_ascent,oscillation,lateral_movement,movement_burst,net_displacement_ratio,ascent_slope_ratio
1,default,1,2,0,1,0.88278,0.0050711,0,0,0,0,0,0,1,0.7,0.7,0,0
2,default,2,2,0,1,0.865241,0.025046,0,0,0,0,0,0,1,0.3,0.7,0.0050813,0
3,default,3,2,0,1,0.66709,0,0,0,0,0,0,0,1,0.3,1,0.00811359,0
4,default,4,2,0,1,0.66709,0,0,0,0,0,0,0,1,0.3,0.7,0.00811359,0
5,default,5,2,0,1,0.653975,0,0.6,0,0,0,0,0,1,0.3,0.3,0.0121704,0
6,default,6,2,0,1,0.330555,0,0.6,0,0,0,0,0,1,0.3,0.3,0.0111336,0
7,default,7,2,0,1,0.533881,0,0.6,0,0,0,0,0,0.7,0.3,0.3,0.0121212,0
8,default,8,2,0,1,0.775668,0,0.6,0,0,0,0,0,0.7,0.3,0.3,0.0131579,0
9,default,9,2,0,1,0.364014,0,0.6,0,0,0,0,0,1,0.3,0.3,0.0141414,0
10,default,10,2,0,1,0.754481,0,0.6,0,0,0,0,0,0.7,0.3,0.3,-0.0139165,0
11,default,11,2,0,1,0.47718,0,0.6,0,0,0,0,0,0.7,0.3,0.3,-0.0139165,0
12,default,12,2,0,1,0.814661,0,0.6,0,0,0,0,0,1,0.3,0.3,0.00101626,0
13,default,13,2,0,1,0.669437,0,0.6,0,0,0,0,0,0.7,0.3,0.3,-0.00308642,0
14,default,14,2,0,1,0.648727,0.0780997,0.6,0,0,0,0,0,0.7,0.3,0.3,-0.00308642,0
15,default,15,2,0,1,0.625519,0.0642766,0.6,0,0,0,0,0,0.7,0.3,0.3,-0.00621118,0
16,default,16,2,0,1,0.627186,0.0438132,0.6,0,0,0,0,0,0.7,0.3,0.3,-0.015528,0
17,default,17,2,0,1,0.34959,0,0.6,0,0,0,0,0,0.7,0.7,0.3,-0.0186335,0
18,default,18,2,0,1,0.534337,0.0182765,0.6,0,0,0,0,0,0.7,0.7,0.3,-0.0217842,0
19,default,19,2,0,1,0.450486,0,0.6,0,0,0,0,0,1,0.7,0.3,-0.0374494,0
20,default,20,2,0,1,0.645769,0.034193,0.6,0,0,0,0,0,1,0.7,0.3,-0.026749,0
21,default,21,2,0,1,0.55722,0.00412434,0.6,0,0,0,0,0,0.7,0.7,0.7,-0.030083,0
22,default,22,2,0,1,0.558778,0.0315261,0.6,0,0,0,0,0,0.7,0.7,0.7,-0.0352697,0
23,default,23,2,0,1,0.741692,0,0.6,0,0,0,0,0,1,0.7,0.3,-0.0363071,0
24,default,24,2,0,1,0.974286,0,0.6,0,0,0,0,0,1,0.7,1,-0.015121,0
25,default,25,2,0,1,0.92835,0,0.6,0,0,0,0,0,0.7,0.7,0.3,-0.00417537,0
26,default,26,2,0,1,0.767848,0,0.6,0,0,0,0,0,0.7,0.7,0.3,-0.0281125,0
27,default,27,2,0,1,0.767848,0,0.6,0,0,0,0,0,0.7,0.7,0.3,-0.0240964,0
28,default,28,2,0,1,0.744518,0,0.6,0,0,0,0,0,0.7,0.7,0.3,-0.0123967,0
29,default,29,2,0,1,0.853885,0,0.6,0,0,0,0,0,0.7,0.7,0.3,-0.00929752,0
30,default,30,2,0,1,0.941935,0,0.6,0,0,0,0,0,0.7,0.7,0.3,-0.00516529,0
31,default,31,2,0,1,0.941935,0,0.6,0,0,0,0,0,0.7,0.7,0.3,-0.00516529,0
32,default,32,2,0,1,0.440138,0,0.6,0,0,0,0,0,0.7,0.7,0.3,-0.00206612,0
33,default,33,2,0,1,0.742561,0,0.6,0,0,0,0,0,1,0.7,0.3,-0.0253906,0
34,default,34,2,0,1,0.765311,0,0.6,0,0,0,0,0,1,0.7,0.3,-0.0191147,0
35,default,35,2,0,1,0.95285,0,0.6,0,0,0,0,0,1,0.7,0.3,-0.00939457,0
36,default,36,2,0,1,0.941552,0,0.6,0,0,0,0,0,1,0.7,0.3,0,0
37,default,37,2,0,1,0.897332,0,0.6,0,0,0,0,0,1,0.7,0.3,0.00105708,0
38,default,38,2,0,1,0.923137,0,0.6,0,0,0,0,0,1,0.7,0.3,0.0126582,0
39,default,39,2,0,1,0.917669,0,0.6,0,0,0,0,0,1,0.7,0.3,0.00105485,0
40,default,40,2,0,1,0.841818,0,0.6,0,0,0,0,0,1,0.7,0.3,0.0105485,0
41,default,41,2,0,1,0.775064,0,0.6,0,0,0,0,0,1,0.7,0.3,0.0105485,0
42,default,42,2,0,1,0.869917,0,0.6,0,0,0,0,0,1,0.7,0.3,-0.0021097,0
43,default,43,2,0,1,0.838408,0,0.6,0,0,0,0,0,1,0.7,0.3,-0.00211864,0
44,default,44,2,0,1,0.68942,0,0.6,0,0,0,0,0,1,0.7,0.3,-0.0195072,0
45,default,45,2,0,1,0.735024,0,0.6,0,0,0,0,0,1,0.7,0.3,-0.0195072,0
46,default,46,2,0,1,0.646835,0,0.6,0,0,0,0,0,1,0.7,0.3,-0.0195072,0
47,default,47,2,0,1,0.647677,0,0.6,0,0,0,0,0,1,0.3,0.3,0.0184426,0
48,default,48,2,0,1,0.56249,0,0.6,0,0,0,0,0,1,0.3,0.3,0.00102459,0
49,default,49,2,0,1,0.842603,0,0.6,0,0,0,0,0,1,0.3,1,-0.00717213,0
50,default,50,2,0,1,0.842603,0,0.6,0,0,0,0,0,1,0.3,1,-0.0122951,0
51,default,51,2,0,1,0.778981,0,0.6,0,0,0,0,0,1,0.7,1,-0.0133197,0
52,default,52,2,0,1,0.714011,0,0.6,0,0,0,0,0,1,0.7,1,-0.0185185,0
53,default,53,2,0,1,0.620247,0,0.6,0,0,0,0,0,1,0.3,1,-0.0227273,0
54,default,54,2,0,1,0.394303,0,0.6,0,0,0,0,0,1,0.7,1,0.00105708,0
55,default,55,2,0,1,0.444336,0,0.6,0,0,0,0,0,1,0.7,1,0.00840336,0
56,default,56,2,0,1,0.427867,0,0.6,0,0,0,0,0,1,0.7,1,0.00840336,0
57,default,57,2,1,1,0.253567,0,0.6,0,0,0,1,1,1,1,1,0.0234043,1
58,default,58,2,1,1,0.315401,0,0.6,0,0,0,1,1,1,1,1,0.0414894,1
59,default,59,2,1,1,0.410309,0,0.6,0,0,0,1,1,1,1,1,0.0414894,1
60,default,60,2,1,1,0.410309,0,0.6,0,0,0,1,1,1,1,1,0.0414894,1
61,default,61,2,1,1,0.261341,0,0.6,0,0,0,1,1,1,1,1,0.0404255,1
62,default,62,2,0,1,0.555196,0,0.6,0,0,0,0,0,1,1,1,0.00403226,0
63,default,63,2,0,1,0.324229,0,0.6,0,0,0,0,0,1,1,1,0.00704225,0
64,default,64,2,0,1,0.285348,0,0.6,0,0,0,0,0,1,1,1,0.00607287,0
65,default,65,2,0,1,0.77573,0,0.6,0,0,0,0,0,1,1,1,0.00406504,0
66,default,66,2,0,1,0.410972,0,0.6,0,0,0,0,0,0.7,1,1,0.00829876,0
67,default,67,2,0,1,0.410972,0,0.6,0,0,0,0,0,1,1,1,0.0124481,0
68,default,68,2,0,1,0.504231,0,0.6,0,0,0,0,0,1,1,1,-0.0114108,0
69,default,69,2,0,1,0.440558,0,0.6,0,0,0,0,0,1,1,1,-0.0186722,0
70,default,70,2,0,1,0.318919,0,0.6,0,0,0,0,0,1,1,1,-0.0186722,0
71,default,71,2,0,1,0.318919,0,0.6,0,0,0,0,0,1,1,1,-0.033195,0
72,default,72,2,0,1,0.234607,0,0.6,0,0,0,0,0,1,1,1,-0.0311203,0
73,default,73,2,0,1,0.343862,0,0.6,0,0,0,0,0,1,1,1,-0.0104167,0
74,default,74,2,0,1,0.349315,0,0.8,0,0,0,0,0,1,1,1,0,0
75,default,75,2,1,1,0.204154,0,0.6,0,0,0,1,1,1,1,1,0.00210084,1
76,default,76,2,1,1,0.193922,0,0.6,0,0,0,1,1,1,1,1,0.04375,1
77,default,77,2,1,1,0.459945,0,0.6,0,0,0,1,1,1,1,1,0.040625,1
78,default,78,2,1,1,0.577844,0,0.6,0,0,0,1,1,1,1,1,0.0416667,1
79,default,79,2,1,1,0.537143,0,0.6,0,0,0,1,1,1,1,1,0.04375,1
80,default,80,2,1,1,0.811692,0,0.6,0,0,0,1,1,1,1,1,0.0416667,1
81,default,81,2,1,1,0.181794,0,0.6,0,0,0,1,1,1,1,1,0.0527426,1
82,default,82,2,1,1,0.14984,0,0.6,0,0,0,1,1,1,1,1,0.0711297,1
83,default,83,2,1,1,0.0531722,0,0.6,0,0,0,1,1,1,1,1,0.077167,1
84,default,84,2,1,1,0.214249,0,0.8,0,0,0,1,1,1,1,1,0.0763747,1
85,default,85,2,1,1,0.232181,0,0.6,0,0,0,1,1,1,1,1,0.0835052,1
86,default,86,2,1,1,0.260653,0,0.6,0,0,0,1,1,1,1,1,0.0949896,1
87,default,87,2,1,1,0.260653,0,0.6,0,0,0,1,1,1,1,1,0.0741127,1
88,default,88,2,1,1,0.80527,0,0.8,0,0,0,1,1,1,1,1,0.0636743,1
89,default,89,2,1,1,0.195866,0,0.6,0,0,0,1,1,1,1,1,0.0615866,1
90,default,90,2,1,1,0.27924,0,0.6,0,0,0,1,1,1,1,1,0.0553236,1
91,default,91,2,1,1,0.526186,0,0.6,0,0,0,1,1,1,1,1,0.0576132,1
92,default,92,2,1,1,0.345769,0,0.6,0,0,0,1,1,1,1,1,0.0767635,1
93,default,93,2,1,1,0.78209,0,0.6,0,0,0,1,1,1,1,1,0.082,1
94,default,94,2,1,0.7,0.376242,0,0.8,0,0,0,1,1,1,1,1,0.082,1
95,default,95,2,1,0.7,0.489153,0,0.8,0,0,0,1,1,1,1,1,0.0931174,1
96,default,96,2,1,0,0.799749,0,0.8,0,0,0,1,1,1,1,1,0.0748988,1
97,default,97,2,1,0,0.754988,0,0.8,0,0,0,1,1,1,1,1,0.0698381,1
98,default,98,2,1,0,0.754988,0,0.8,0,0,0,1,1,1,1,1,0.0678138,1
99,default,99,2,0,0,0.580503,0,0.6,0,0,0,1,1,1,1,1,0.0617409,1
100,default,100,2,1,0,0.750579,0.0599968,0.8,0,0,0,1,1,1,1,1,0.0558943,1
101,default,101,2,1,0,0.89801,0,0.8,0,0,0,1,1,1,1,1,0.0664683,1
102,default,102,2,1,0,0.708704,0,0.8,0,0,0,1,1,1,1,1,0.0828283,1
103,default,103,2,0,0,0.701722,0,0.6,0,0,0,1,1,1,1,1,0.0828283,1
104,default,104,2,0,0,0.428126,0,0.6,0,0,0,1,1,1,1,1,0.084507,1
105,default,105,2,0,0,0.676669,0,0.6,0,0,0,1,1,1,1,1,0.0814889,1
106,default,106,2,0,0,0.720881,0,0.6,0,0,0,1,1,1,0.7,1,0.0633803,1
107,default,107,2,0,0,0.720881,0,0.6,0,0,0,1,1,1,1,1,0.055332,1
108,default,108,2,0,0,0.733311,0,0.6,0,0,0,1,1,1,1,1,0.055332,1
109,default,109,2,0,0,0.831814,0,0.6,0,0,0,1,1,1,0.7,1,0.0381526,1
110,default,110,2,0,0,0.803354,0,0.6,0,0,0,0,0,1,1,1,0.0214008,0
111,default,111,2,0,0,0.769856,0,0.6,0,0,0,0,0,1,0.7,1,0.0213178,0
112,default,112,2,0,0,0.829887,0,0.6,0,0,0,0,0,1,0.7,1,0.0253906,0
113,default,113,2,0,0,0.829887,0,0.6,0,0,0,0,0,1,0.7,1,0.0253906,0
114,default,114,2,0,0,0.916501,0,0.6,0,0,0,0,0,1,1,1,0.0426829,0
115,default,115,2,0,0,0.854193,0,0.6,0,0,0,0,0,1,1,1,0.0078125,0
116,default,116,2,0,0,0.879476,0,0.6,0,0,0,0,0,1,1,1,0.0152439,0
117,default,117,2,0,0,0.876457,0,0.6,0,0,0,0,0,0.7,1,1,-0.00683594,0
118,default,118,2,0,0,0.764375,0,0.6,0,0,0,0,0,0.7,1,1,-0.00587084,0
119,default,119,2,0,0,0.833711,0,0.6,0,0,0,0,0,0.7,1,1,0,0
120,default,120,2,0,0,0.785707,0,0.6,0,0,0,0,0,0.7,1,1,-0.0188492,0
121,default,121,2,0,0,0.735583,0,0,0,0,0,0,0,0.7,1,1,-0.0188492,0
122,default,122,2,0,0,0.724702,0,0,0,0,0,0,0,0.7,1,1,-0.0218688,0
123,default,123,2,0,0,0.523002,0,0.6,0,0,0,0,0,0.7,1,1,-0.026839,0
124,default,124,2,0,0,0.518092,0,0.6,0,0,0,0,0,0.7,1,1,-0.0109344,0
125,default,125,2,0,0,0.518092,0,0.6,0,0,0,0,0,0.7,1,1,-0.0109344,0
126,default,126,2,0,0,0.582458,0,0.6,0,0,0,0,0,0.7,1,1,-0.0149105,0
127,default,127,2,0,0,0.518444,0,0.6,0,0,0,0,0,0.7,1,1,-0.0149105,0
128,default,128,2,0,0,0.590043,0,0.6,0,0,0,0,0,0.7,1,1,-0.0564054,0
129,default,129,2,0,0,0.374971,0,0.6,0,0,0,0,0,1,1,1,-0.0356455,0
130,default,130,2,0,0,0.767462,0,0.6,0,0,0,0,0,1,1,1,-0.0452756,0
131,default,131,2,0,0,0.760164,0,0.6,0,0,0,0,0,1,1,1,-0.023622,0
132,default,132,2,0,0,0.679338,0,0.6,0,0,0,0,0,1,0.7,1,-0.0264706,0
133,default,133,2,0,0,0.637525,0,0.6,0,0,0,0,0,1,1,1,-0.0436046,0
134,default,134,2,0,0,0.589803,0,0.6,0,0,0,0,0,1,0.7,1,-0.0251938,0
135,default,135,2,0,0,0.616611,0,0.6,0,0,0,0,0,1,0.7,1,-0.0251938,0
136,default,136,2,0,0,0.569845,0,0.6,0,0,0,0,0,1,0.7,1,-0.0222868,0
137,default,137,2,0,0,0.621011,0,0.6,0,0,0,0,0,1,0.7,1,-0.0203488,0
138,default,138,2,0,0,0.607117,0,0.6,0,0,0,0,0,1,1,1,-0.0108268,0
139,default,139,2,0,0,0.576594,0,0.6,0,0,0,0,0,1,0.7,1,-0.00882353,0
140,default,140,2,0,0,0.482422,0,0.6,0,0,0,0,0,1,0.7,1,-0.00494071,0
141,default,141,2,0,0,0.473796,0,0.6,0,0,0,0,0,1,0.7,1,-0.00492126,0
142,default,142,2,0,0,0.495399,0,0.6,0,0,0,0,0,1,0.7,1,0.0157171,0
143,default,143,2,0,0,0.538825,0,0.6,0,0,0,0,0,1,0.7,1,0.0157171,0
144,default,144,2,0,0,0.644169,0,0.6,0,0,0,0,0,1,0.7,1,0.00294695,0
145,default,145,2,0,0,0.605698,0,0.6,0,0,0,0,0,1,0.7,1,0.00393701,0
146,default,146,2,0,0,0.563417,0,0.6,0,0,0,0,0,1,1,1,0.00393701,0
147,default,147,2,0,0,0.557455,0,0.6,0,0,0,0,0,1,0.7,1,0.015748,0
148,default,148,2,0,0,0.588266,0,0.6,0,0,0,0,0,1,0.7,1,0.0137795,0
149,default,149,2,0,0,0.517277,0,0.6,0,0,0,0,0,1,0.7,1,0.00873786,0
150,default,150,2,0,0,0.425857,0,0.6,0,0,0,0,0,1,0.7,1,0.00674374,0
151,default,151,2,0,0,0.386003,0,0.6,0,0,0,0,0,1,0.7,1,0.00674374,0
152,default,152,2,0,0,0.395371,0,0.6,0,0,0,0,0,1,0.7,1,-0.00289017,0
153,default,153,2,0,0,0.548299,0,0.6,0,0,0,0,0,1,0.7,1,-0.000970874,0
154,default,154,2,0,0,0.483897,0,0.6,0,0,0,0,0,1,0.7,1,-0.00485437,0
155,default,155,2,0,0,0.483897,0,0.6,0,0,0,0,0,1,0.7,1,-0.00485437,0
156,default,156,2,0,0,0,0,0.6,0,0,0,0,0,1,0.7,1,-0.0038835,0
157,default,157,2,0,0,0,0,0.6,0,0,0,0,0,1,0.7,1,-0.00770713,0
158,default,158,2,0,0,0.420358,0,0.6,0,0,0,0,0,1,0.7,1,-0.00670498,0
159,default,159,2,0,0,0.557428,0,0.6,0,0,0.666667,0,0,1,1,1,-0.0161905,0
160,default,160,2,0,0,0.546851,0,0.6,0,0,0.666667,0,0,1,1,1,-0.0143403,0
161,default,161,2,0,0,0.546851,0,0.6,0,0,0.666667,0,0,1,1,1,-0.0143403,0
162,default,162,2,0,0,0.630084,0,0.6,0,0,0.666667,0,0,1,1,1,-0.0124283,0
163,default,163,2,0,0,0.671941,0,0.6,0,0,0,0,0,1,1,1,-0.00764818,0
164,default,164,2,0,0,0.670283,0,0.6,0,0,0,0,0,1,1,1,-0.00573614,0
165,default,165,2,0,0,0.670283,0,0.6,0,0,0,0,0,1,1,1,-0.00573614,0
166,default,166,2,0,0,0.633362,0,0.6,0,0,0,0,0,1,1,1,-0.00478927,0
167,default,167,2,0,0,0.602711,0,0.6,0,0,0,0,0,0.7,1,1,-0.0104563,0
168,default,171,7,0,0,0.107378,0.0931627,0.8,0,0,0,0,0,1,0.7,0.7,0,0
169,default,172,7,0,1,0.712932,0.119833,0,0,0,0,0,0,1,0.7,0.7,0,0
170,default,173,7,0,1,0.628634,0,0,0,0,0,0,0,1,0.7,1,0,0
171,default,174,7,0,1,0.457453,0,0,0,0,0,0,0,1,0.7,1,0,0
172,default,175,7,0,1,0.35965,0,0.6,0,0,0,0,0,1,0.3,1,0.0020284,0
173,default,176,7,0,1,0.555696,0,0.6,0,0,0,0,0,1,0.3,0.3,0.00708502,0
174,default,177,7,0,1,0.860762,0,0.6,0,0,0,0,0,1,0.3,0.3,0.00910931,0
175,default,178,7,0,1,0.322325,0,0.6,0,0,0,0,0,1,0.3,0.3,0.00910931,0
176,default,179,7,0,1,0.273853,0,0.6,0,0,0,0,0,1,0.3,0.3,0.010101,0
177,default,180,7,0,1,0.328883,0,0.6,0,0,0,0,0,1,0.3,0.3,0.00608519,0
178,default,181,7,0,1,0.294892,0,0.6,0,0,0,0,0,1,0.3,0.3,0.00608519,0
179,default,182,7,0,1,0.294892,0,0.6,0,0,0,0,0,1,0.3,0.3,0.00608519,0
180,default,183,7,0,1,0.276094,0,0.6,0,0,0,0,0,1,0.3,0.3,0.00608519,0
181,default,184,7,0,1,0.263408,0,0.6,0,0,0,0,0,1,0.3,0.3,0.00608519,0
182,default,185,7,0,1,0.674811,0.000236154,0,0,0,0,0,0,1,0.3,0.3,-0.0178926,0
183,default,186,7,0,1,0.623199,0,0,0,0,0,0,0,1,0.3,0.3,-0.0189243,0
184,default,187,7,0,1,0.276361,0,0.6,0,0,0,0,0,1,0.3,0.3,-0.0144928,0
185,default,188,7,0,1,0.276361,0,0.6,0,0,0,0,0,1,0.3,0.3,-0.0144928,0
186,default,189,7,0,1,0.450486,0,0.6,0,0,0,0,0,1,0.3,0.3,-0.0313765,0
187,default,190,7,0,1,0.514658,0,0.6,0,0,0,0,0,1,0.7,1,-0.0364372,0
188,default,191,7,0,1,0.611491,0,0.6,0,0,0,0,0,1,1,1,-0.0384615,0
189,default,192,7,0,1,0.611491,0,0.6,0,0,0,0,0,1,1,1,-0.0384615,0
190,default,193,7,0,1,0.812662,0,0,0,0,0,0,0,1,1,1,-0.0394737,0
191,default,194,7,0,1,0.812662,0,0.6,0,0,0,0,0,1,1,1,-0.0354251,0
192,default,195,7,0,1,0.911334,0,0.6,0,0,0,0,0,1,1,1,-0.0280083,0
193,default,196,7,0,1,0.933326,0,0,0,0,0,0,0,1,1,1,-0.0393145,0
194,default,197,7,0,1,0.901339,0,0.6,0,0,0,0,0,1,1,1,-0.0292276,0
195,default,198,7,0,1,0.756549,0,0.6,0,0,0,0,0,0.7,0.7,0.3,-0.0371486,0
196,default,199,7,0,1,0.803619,0.0210189,0.6,0,0,0,0,0,0.7,0.7,0.3,-0.0172065,0
197,default,200,7,0,1,0.939411,0,0.6,0,0,0,0,0,1,0.7,0.3,-0.0161943,0
198,default,201,7,0,1,0.939411,0,0.6,0,0,0,0,0,1,0.7,0.3,-0.0212551,0
199,default,202,7,0,1,0.987729,0,0.6,0,0,0,0,0,1,0.7,0.3,-0.0212551,0
200,default,203,7,0,1,0.878474,0,0.6,0,0,0,0,0,1,0.3,0.3,-0.00607287,0
201,default,204,7,0,1,0.742561,0,0.6,0,0,0,0,0,1,0.7,0.3,-0.0253906,0
202,default,205,7,0,1,0.679131,0,0.6,0,0,0,0,0,1,0.3,0.3,-0.027451,0
203,default,206,7,0,1,0.822871,0,0.6,0,0,0,0,0,0.7,0.7,0.3,-0.00104384,0
204,default,207,7,0,1,0.838587,0,0.6,0,0,0,0,0,0.7,0.7,0.3,-0.00104384,0
205,default,208,7,0,1,0.988616,0,0.6,0,0,0,0,0,0.7,0.7,0.3,0.00528541,0
206,default,209,7,0,1,0.938165,0,0.6,0,0,0,0,0,1,0.7,0.3,-0.00317125,0
207,default,210,7,0,1,0.827728,0,0.6,0,0,0,0,0,1,0.7,0.3,0.00951374,0
208,default,211,7,0,1,0.827728,0,0.6,0,0,0,0,0,1,0.7,0.3,-0.00211416,0
209,default,212,7,0,1,0.587537,0,0.6,0,0,0,0,0,1,0.7,0.3,0.00739958,0
210,default,213,7,0,1,0.587537,0,0.6,0,0,0,0,0,1,0.7,1,0.0116279,0
211,default,214,7,0,1,0.838408,0,0.6,0,0,0,1,1,1,0.7,1,0.0148305,1
212,default,215,7,0,1,0.68942,0,0.6,0,0,0,0,0,1,0.7,0.3,-0.00308008,0
213,default,216,7,0,1,0.735024,0,0.6,0,0,0,0,0,1,0.7,0.3,-0.00308008,0
214,default,217,7,0,1,0.664201,0,0.6,0,0,0,0,0,1,0.7,0.3,-0.00204918,0
215,default,218,7,0,1,0.638889,0,0.6,0,0,0,0,0,1,0.7,0.3,0.0174538,0
216,default,219,7,0,1,0.638889,0,0.6,0,0,0,0,0,1,0.7,1,0.0195072,0
217,default,220,7,0,1,0.79666,0,0.6,0,0,0,0,0,1,0.3,1,-0.00821355,0
218,default,221,7,0,1,0.741272,0,0.6,0,0,0,0,0,1,0.3,1,-0.00821355,0
219,default,222,7,0,1,0.731494,0,0.6,0,0,0,0,0,1,0.7,1,-0.0143737,0
220,default,223,7,0,1,0.714011,0,0.6,0,0,0,0,0,1,0.3,1,-0.0154321,0
221,default,224,7,0,1,0.575664,0,0.6,0,0,0,0,0,1,0.3,1,-0.0185567,0
222,default,225,7,0,1,0.425145,0,0.6,0,0,0,0,0,1,0.3,1,-0.0154321,0
223,default,226,7,0,1,0.406673,0,0.6,0,0,0,0,0,1,0.7,1,0.00422833,0
224,default,227,7,0,1,0.362646,0,0.6,0,0,0,0,0,1,0.7,1,0.0186335,0
225,default,228,7,0,1,0.274692,0,0.6,0,0,0,1,1,1,0.7,1,0.015528,1
226,default,229,7,0,1,0.274692,0,0.6,0,0,0,1,1,1,0.7,1,0.0331263,1
227,default,230,7,0,1,0.150403,0,0.6,0,0,0,1,1,1,0.7,1,0.0331263,1
228,default,231,7,0,1,0.29343,0,0.6,0,0,0,1,1,1,0.7,1,0.0320911,1
229,default,232,7,1,1,0.29343,0,0.6,0,0,0,1,1,1,1,1,0.0331263,1
230,default,233,7,0,1,0.555196,0,0.6,0,0,0,0,0,1,1,1,0.00504032,0
231,default,234,7,0,1,0.342747,0,0.6,0,0,0,0,0,1,1,1,0.033264,0
232,default,235,7,0,1,0.409847,0,0.6,0,0,0,0,0,1,1,1,0.0050813,0
233,default,236,7,0,1,0.77573,0,0.6,0,0,0,0,0,1,1,1,0.0050813,0
234,default,237,7,0,1,0.866255,0,0.6,0,0,0,0,0,1,1,1,0.00826446,0
235,default,238,7,0,1,0.72246,0,0.6,0,0,0,0,0,1,1,1,0.0124224,0
236,default,239,7,0,1,0.8365,0,0.6,0,0,0,0,0,1,1,1,0.00931677,0
237,default,240,7,0,1,0.8365,0,0.6,0,0,0,0,0,1,1,1,-0.010352,0
238,default,241,7,0,1,0.774775,0,0.6,0,0,0,0,0,1,1,1,-0.0248447,0
239,default,242,7,0,1,0.285791,0,0.6,0,0,0,0,0,1,1,1,-0.0248447,0
240,default,243,7,0,1,0.234607,0,0.6,0,0,0,0,0,1,1,1,-0.0238589,0
241,default,244,7,0,1,0.0935589,0.0040018,0.6,0,0,0,0,0,1,1,1,-0.023374,0
242,default,245,7,0,1,0.349315,0,0.8,0,0,0,0,0,1,1,1,0.00735294,0
243,default,246,7,1,1,0.358451,0,0.8,0,0,0,1,1,1,1,1,0.0125261,1
244,default,247,7,1,1,0.193922,0,0.6,0,0,0,1,1,1,1,1,0.04375,1
245,default,248,7,1,1,0.577844,0,0.6,0,0,0,1,1,1,1,1,0.015625,1
246,default,249,7,1,1,0.577844,0,0.6,0,0,0,1,1,1,1,1,0.04375,1
247,default,250,7,1,1,0.703131,0,0.6,0,0,0,1,1,1,1,1,0.04375,1
248,default,251,7,1,1,0.811692,0,0.6,0,0,0,1,1,1,1,1,0.0416667,1
249,default,252,7,1,1,0.181794,0,0.6,0,0,0,1,1,1,1,1,0.0516878,1
250,default,253,7,1,1,0.22008,0,0.6,0,0,0,1,1,1,1,1,0.046875,1
251,default,254,7,1,1,0.0506064,0,0.6,0,0,0,1,1,1,1,1,0.0761099,1
252,default,255,7,1,1,0.323319,0,0.6,0,0,0,1,1,1,1,1,0.0753564,1
253,default,256,7,1,1,0.232181,0,0.6,0,0,0,1,1,1,1,1,0.0824742,1
254,default,257,7,1,1,0.260653,0,0.6,0,0,0,1,1,1,1,1,0.0949896,1
255,default,258,7,1,1,0.260653,0,0.6,0,0,0,1,1,1,1,1,0.0949896,1
256,default,259,7,1,1,0.80527,0,0.8,0,0,0,1,1,1,1,1,0.0636743,1
257,default,260,7,1,1,0.195866,0,0.6,0,0,0,1,1,1,1,1,0.0584551,1
258,default,261,7,1,1,0.27924,0,0.6,0,0,0,1,1,1,1,1,0.0553236,1
259,default,262,7,1,1,0.526186,0,0.6,0,0,0,1,1,1,1,1,0.0576132,1
260,default,263,7,1,1,0.813108,0,0.6,0,0,0,1,1,1,1,1,0.0693582,1
261,default,264,7,1,0.7,0.528372,0,0.8,0,0,0,1,1,1,1,1,0.082,1
262,default,265,7,0,0,0.434187,0,0.8,0,0,0,1,1,1,1,1,0.098778,1
263,default,266,7,1,0.7,0.489153,0,0.8,0,0,0,1,1,1,1,1,0.0931174,1
264,default,267,7,1,0,0.799749,0,0.8,0,0,0,1,1,1,1,1,0.097166,1
265,default,268,7,0,0,0.754988,0,0.8,0,0,0,1,1,1,0.7,1,0.0698381,1
266,default,269,7,0,0,0.63995,0,0.6,0,0,0,1,1,1,1,1,0.0678138,1
267,default,270,7,0,0,0.580503,0,0.6,0,0,0,1,1,1,1,1,0.0617409,1
268,default,271,7,0,0,0.750579,0.0599968,0.8,0,0,0,1,1,1,0.7,1,0.0558943,1
269,default,272,7,1,0,0.881224,0.00237566,0.6,0,0,0,1,1,1,1,1,0.0718563,1
270,default,273,7,0,0,0.758372,0,0.6,0,0,0,1,1,1,0.7,1,0.0828283,1
271,default,274,7,0,0,0.701722,0,0.6,0,0,0,1,1,1,0.7,1,0.0828283,1
272,default,275,7,0,0,0.638202,0,0.6,0,0,0,1,1,1,0.7,0.3,0.084507,1
273,default,276,7,0,0,0.676669,0,0.6,0,0,0,1,1,1,0.7,1,0.0814889,1
274,default,277,7,0,0,0.720881,0,0.6,0,0,0,1,1,1,0.7,1,0.0704225,1
275,default,278,7,0,0,0.720881,0,0.6,0,0,0,1,1,1,0.7,1,0.055332,1
276,default,279,7,0,0,0.733311,0,0.6,0,0,0,1,1,1,0.7,1,0.0402415,1
277,default,280,7,0,0,0.811002,0,0.6,0,0,0,1,1,1,0.7,1,0.0361446,1
278,default,281,7,0,0,0.763822,0,0.6,0,0,0,0,0,1,1,1,0.0214008,0
279,default,282,7,0,0,0.715048,0,0.6,0,0,0,0,0,1,0.7,1,0.0213178,0
280,default,283,7,0,0,0.829887,0,0.6,0,0,0,0,0,1,0.7,1,0.0253906,0
281,default,284,7,0,0,0.902677,0,0.6,0,0,0,0,0,1,1,1,0.0487805,0
282,default,285,7,0,0,0.932973,0,0.6,0,0,0,0,0,1,1,1,0.0426829,0
283,default,286,7,0,0,0.932973,0,0.6,0,0,0,0,0,1,0.7,1,0.0254065,0
284,default,287,7,0,0,0.9258,0,0.6,0,0,0,0,0,1,1,1,0.0152439,0
285,default,288,7,0,0,0.899767,0,0.6,0,0,0,0,0,1,1,1,0.0152439,0
286,default,289,7,0,0,0.764375,0,0.6,0,0,0,0,0,1,1,1,-0.00587084,0
287,default,290,7,0,0,0.764804,0,0,0,0,0,0,0,1,1,1,-0.0158416,0
288,default,291,7,0,0,0.777116,0,0,0,0,0,0,0,1,1,1,-0.0178926,0
289,default,292,7,0,0,0.785707,0,0,0,0,0,0,0,1,1,1,-0.0188492,0
290,default,293,7,0,0,0.724702,0,0,0,0,0,0,0,1,1,1,-0.0218688,0
291,default,294,7,0,0,0.658008,0,0,0,0,0,0,0,1,1,1,-0.0248509,0
292,default,295,7,0,0,0.523002,0,0.6,0,0,0,0,0,1,1,1,-0.0109344,0
293,default,296,7,0,0,0.518092,0,0.6,0,0,0,0,0,1,1,1,-0.0109344,0
294,default,297,7,0,0,0.582458,0,0.6,0,0,0,0,0,1,1,1,-0.0149105,0
295,default,298,7,0,0,0.518444,0,0.6,0,0,0,0,0,1,1,1,-0.0367793,0
296,default,299,7,0,0,0.590043,0,0.6,0,0,0,0,0,1,1,1,-0.0564054,0
297,default,300,7,0,0,0.556744,0,0.6,0,0,0,0,0,1,1,1,-0.0411765,0
298,default,301,7,0,0,0.727047,0,0.6,0,0,0,0,0,1,1,1,-0.0452756,0
299,default,302,7,0,0,0.664645,0,0.6,0,0,0,0,0,1,1,1,-0.0452756,0
300,default,303,7,0,0,0.758968,0,0.6,0,0,0,0,0,1,1,1,-0.0265748,0
301,default,304,7,0,0,0.589803,0,0.6,0,0,0,0,0,1,1,1,-0.0281008,0
302,default,305,7,0,0,0.568678,0,0.6,0,0,0,0,0,1,1,1,-0.0261628,0
303,default,306,7,0,0,0.568678,0,0.6,0,0,0,0,0,1,1,1,-0.0251938,0
304,default,307,7,0,0,0.616611,0,0.6,0,0,0,0,0,1,1,1,-0.0222868,0
305,default,308,7,0,0,0.621011,0,0.6,0,0,0,0,0,1,1,1,-0.0203488,0
306,default,309,7,0,0,0.607117,0,0.6,0,0,0,0,0,1,1,1,-0.0108268,0
307,default,310,7,0,0,0.576594,0,0.6,0,0,0,0,0,1,1,1,-0.00882353,0
308,default,311,7,0,0,0.411709,0,0.6,0,0,0,0,0,1,1,1,-0.00782779,0
309,default,312,7,0,0,0.482805,0,0.6,0,0,0,0,0,1,1,1,-0.00494071,0
310,default,313,7,0,0,0.541841,0,0.6,0,0,0,0,0,1,1,1,0.0167323,0
311,default,314,7,0,0,0.580069,0,0.6,0,0,0,0,0,1,0.7,1,0,0
312,default,315,7,0,0,0.580069,0,0.6,0,0,0,0,0,1,0.7,1,0.00393701,0
313,default,316,7,0,0,0.683989,0,0.6,0,0,0,0,0,1,0.7,1,0.00393701,0
314,default,317,7,0,0,0.605698,0,0.6,0,0,0,0,0,1,0.7,1,0.00393701,0
315,default,318,7,0,0,0.557455,0,0.6,0,0,0,0,0,1,0.7,1,0.015748,0
316,default,319,7,0,0,0.588266,0,0.6,0,0,0,0,0,1,0.7,1,0.0137795,0
317,default,320,7,0,0,0.517277,0,0.6,0,0,0,0,0,1,0.7,1,0.00873786,0
318,default,321,7,0,0,0.464007,0,0.6,0,0,0,0,0,1,0.7,1,0.00968992,0
319,default,322,7,0,0,0.486319,0,0.6,0,0,0,0,0,1,0.7,1,0.00772201,0
320,default,323,7,0,0,0.587399,0,0.6,0,0,0,0,0,1,0.7,1,0.000970874,0
321,default,324,7,0,0,0.548299,0,0.6,0,0,0,0,0,1,0.7,1,-0.000970874,0
322,default,325,7,0,0,0.548299,0,0.6,0,0,0,0,0,1,0.7,1,-0.00194175,0
323,default,326,7,0,0,0.405398,0,0.6,0,0,0,0,0,1,0.7,1,-0.00485437,0
324,default,327,7,0,0,0,0,0.6,0,0,0,0,0,1,0.7,1,-0.00485437,0
1,default,1,1,0,0,0.287577,0,0.8,0.3,0,0,0,0,1,0.7,0.7,0,0
2,default,2,1,0,0,0.185259,0,0.8,0.3,0,0,0,0,1,1,0.7,-0.00841346,0
3,default,3,1,0,0,0.104738,0,0.8,0.3,0,0,0,0,1,0.3,0.7,-0.0221963,0
4,default,4,1,0,0,0.617124,0.354649,0.8,0.3,0,0,0,0,1,0.3,0.3,-0.0221963,0
5,default,5,1,0,0,0.388268,0.36492,0.8,0.3,0,0,0,0,1,0.3,0.7,-0.0167064,0
6,default,6,1,0,0,0.566297,0.599632,0.8,0.3,0,0,0,0,1,0.3,0.7,-0.021322,0
7,default,7,1,0,0,0.312028,0.800521,0.8,0.3,0,0,0,0,1,0.3,0.7,-0.021322,0
8,default,8,1,0,0,0.238333,0.684169,0.8,0.3,0,0,0,0,1,0.3,0.7,-0.037037,0
9,default,9,1,0,0,0.120859,0.555446,0.8,0.3,0,0,0,0,1,0.3,0.7,-0.0505495,0
10,default,10,1,0,0,0.48957,0.689492,0.8,0.3,0,0,0,0,1,0.3,0.7,-0.0892857,0
11,default,11,1,0,0,0.0416499,0.683208,0.8,0.3,0,0,0,0,1,0.3,0.7,-0.0938914,0
12,default,12,1,0,0,0.78141,0.612454,0.8,0,0.503148,0,0,0,1,0.3,0.7,-0.0925508,0
13,default,13,1,0,0,0.54659,0,0.8,0,0,0,0,0,1,0.3,0.3,-0.0983796,0
14,default,14,1,0,0,0.688827,0.243284,0.6,0,0,0,0,0,0.7,0.3,0.3,-0.0956221,0
15,default,15,1,0,0,0.805717,0,0.6,0,0,0,0,0,0.7,0.3,0.3,-0.0838852,0
16,default,16,1,0,0,0.824298,0.0375535,0.6,0,0,0,0,0,0.7,0.3,0.3,-0.0990888,0
17,default,17,1,0,0,0.0379624,0,0.8,0.3,0,0,0,0,0.7,0.3,0.3,-0.0854214,0
18,default,18,1,0,0,0.017275,0,0.8,0,0,0,0,0,0.7,0.3,0.3,-0.0802752,0
19,default,19,1,0,0,0,0,0.6,0,0,0,0,0,0.7,0.3,0.3,-0.091629,0
20,default,20,1,0,0,0,0.265025,0.8,0.3,0,0,0,0,0.7,0.3,0.3,-0.0848416,0
21,default,21,1,0,0,0,0.171688,0.8,0.3,0,0,0,0,0.7,0.3,0.3,-0.0846325,0
22,default,22,1,0,0,0.818932,0,0.8,0,0,0,0,0,0.7,0.3,0.3,-0.0694143,0
23,default,23,1,0,0,0.886926,0.1875,0,0,0,0,0,0,0.7,0.3,0.3,-0.0628931,0
24,default,24,1,0,0,0.886926,0.1875,0,0,0,0,0,0,0.7,0.3,0.3,-0.0220126,0
25,default,25,1,0,0,0.328617,0,0.8,0,0,0,0,0,0.7,0.3,0.3,-0.0105485,0
26,default,26,1,0,0,0,0,0.6,0.3,0,0,0,0,0.7,0.3,0.7,-0.0161638,0
27,default,27,1,0,0,0.575243,0,0,0,0,0,0,0,0.7,0.3,0.7,-0.00632911,0
28,default,28,1,0,0,0.155797,0,0.6,0,0,0,0,0,0.7,0.3,0.7,0.0108225,0
29,default,29,1,0,0,0.233344,0,0.8,0,0,0,0,0,0.7,0.3,0.7,-0.0151844,0
30,default,30,1,0,0,0.989849,0,0.6,0,0,0,0,0,0.7,0.3,0.7,0.00433839,0
31,default,31,1,0,0,0.233249,0,0.6,0,0,0,0,0,0.7,0.3,0.7,0.00978261,0
32,default,32,1,0,0,0.974959,0,0.8,0.3,0,0,0,0,1,0.3,0.7,0.00434783,0
33,default,33,1,0,0,0.212409,0,0.6,0.3,0,0,0,0,1,0.3,0.7,-0.0033557,0
34,default,34,1,0,0,0.212409,0,0.6,0.3,0,0,0,0,1,0.3,0.7,-0.0033557,0
35,default,35,1,0,0,0.732549,0,0.6,0.3,0,0,0,0,1,0.3,0.7,-0.0227743,0
36,default,36,1,0,0,0.732549,0,0.6,0.3,0,0,0,0,1,0.7,0.7,-0.0207039,0
37,default,37,1,0,0,0.489909,0,0.8,0.3,0,0,0,0,1,0.7,0.3,-0.0124224,0
38,default,38,1,0,0,0.627762,0,0.6,0.3,0,0,0,0,1,0.7,0.3,-0.0124224,0
39,default,39,1,0,0,0.962617,0,0.6,0,0,0,0,0,1,0.3,0.3,0.0162037,0
40,default,40,1,0,0,0.380424,0,0.6,0,0,0,0,0,1,0.3,0.3,0.0196305,0
41,default,41,1,0,0,0.343692,0.0330217,0.6,0.3,0,0,0,0,1,0.3,0.3,0.0162791,0
42,default,42,1,0,0,0.95222,0,0.8,0.3,0,0,0,0,1,0.3,0.3,-0.0277207,0
43,default,43,1,0,0,0.942575,0,0.8,0,0,0,0,0,0.7,0.3,0.3,0.0128458,0
44,default,44,1,0,0,0.760726,0,0.8,0.3,0,0,1,1,0.7,0.3,0.3,0.0128458,1
45,default,45,1,0,0,0.760726,0,0.8,0.3,0,0,1,1,0.7,0.3,0.3,0.00790514,1
46,default,46,1,0,0,0.953666,0,0.8,0,0,0,1,1,0.7,0.3,0.3,0.00790514,1
47,default,47,1,0,0,0.100277,0,0.6,0,0,0,1,1,0.7,0.3,0.3,0.020751,1
48,default,48,1,0,0,0.0272832,0,0.6,0,0,0,0,0,0.7,0.3,0.3,0.00631579,0
49,default,49,1,0,0,0.37497,0.101081,0.8,0,0,0,0,0,0.7,0.3,0.3,0.178808,0
50,default,50,1,0,0,0,0,0.8,0.3,0,0,1,1,0.7,0.3,0.3,0.209227,1
51,default,51,1,0,0,0.549649,0,0.8,0,0,0,1,1,0.7,0.3,0.3,0.207447,1
52,default,52,1,0,0,0.424254,0.0506026,0.8,0,0,0,1,1,0.7,0.3,0.3,0.218415,1
53,default,53,1,0,0,0.424254,0.0506026,0.8,0,0,0,1,1,0.7,0.3,0.3,0.17666,1
54,default,54,1,0,0,0.471062,0,0.8,0.3,0,0,1,1,1,0.7,0.3,0.17773,1
55,default,55,1,0,0,0.418741,0,0.8,0.3,0,0,1,1,1,0.7,0.3,0.174518,1
56,default,56,1,0,0,0.728856,0,0.8,0,0,0,1,1,1,1,0.3,0.199143,1
57,default,57,1,0,0,0.890411,0,0.8,0,0,0,1,1,1,1,0.3,0.189038,1
58,default,58,1,0,0,0.876097,0,0.8,0,0,0,1,1,1,0.7,0.3,0.180942,1
59,default,59,1,0,0,0.837484,0,0.8,0,0,0,0,0,1,0.7,0.3,0.178959,0
60,default,60,1,0,0,0.703723,0,0.8,0.3,0,0,0,0,1,0.7,0.3,0.167382,0
61,default,61,1,0,0,0.824596,0,0.8,0,0,0,0,0,1,0.7,0.3,0.168085,0
62,default,62,1,0,0,0.698169,0,0.8,0.3,0,0,0,0,1,1,0.3,0.18931,0
63,default,63,1,0,0,0.698169,0,0.8,0.3,0,0,0,0,1,0.3,0.3,0.0378619,0
64,default,64,1,0,0,0.665233,0,0.8,0.3,0,0,0,0,1,0.3,0.3,0.00111359,0
65,default,65,1,0,0,0.248028,0,0.8,0,0,0,0,0,1,0.3,1,0.00111359,0
66,default,66,1,0,0,0.423603,0,0.8,0.3,0,0,0,0,1,0.3,1,-0.00890869,0
67,default,67,1,0,0,0.598181,0,0.8,0.3,0,0,0,0,1,0.3,0.3,0.00589623,0
68,default,68,1,0,0,0.933474,0,0.8,0.3,0,0,0,0,1,0.3,0.3,0.00503778,0
69,default,69,1,0,0,0.980301,0,0.8,0.300907,0,0,0,0,1,0.3,0.3,-0.0184729,0
70,default,70,1,0,0,0.39546,0,0.8,0.3,0,0,0,0,1,0.3,0.3,-0.0451306,0
71,default,71,1,0,0,0.546618,0,0.8,0.3,0,0,0,0,1,0.3,0.3,-0.0920097,0
72,default,72,1,0,0,0.546618,0,0.8,0.3,0,0,0,0,1,0.3,0.3,-0.0920097,0
73,default,73,1,0,0,0.461263,0,0.8,0.3,0,0,0,0,1,0.3,0.3,-0.0871671,0
74,default,74,1,0,1,0.715114,0,0.8,0.345371,0,0,0,0,1,0.3,0.3,-0.0762712,0
75,default,75,1,0,0,0.776683,0,0.8,0,0,0,0,0,1,0.3,0.3,-0.0786925,0
76,default,76,1,0,0,0.724412,0,0.8,0,0,0,0,0,1,0.3,0.3,-0.0478972,0
77,default,77,1,0,0,0.340871,0,0.6,0,0,0,0,0,1,0.3,0.3,-0.048951,0
78,default,78,1,0,0,0.885514,0,0.6,0,0,0,0,0,1,0.3,0.3,-0.0453488,0
79,default,79,1,0,0,0.8524,0,0.8,0,0,0,0,0,0.7,0.3,0.3,-0.0526961,0
80,default,80,1,0,0,0.746799,0,0.8,0,0,0,0,0,0.7,0.3,0.3,-0.0526961,0
81,default,81,1,0,0,0.847465,0,0.8,0.3,0,0,1,1,1,0.3,0.3,-0.0589623,1
82,default,82,1,0,0,0.677959,0,0.8,0,0,0,1,1,1,0.3,0.3,-0.057783,1
83,default,83,1,0,0,0.585849,0,0.6,0,0,0,1,1,1,0.3,0.3,-0.0353774,1
84,default,84,1,0,0,0.585849,0,0.6,0,0,0,1,1,1,0.3,0.3,-0.00825472,1
85,default,85,1,0,0,0.966005,0,0.6,0,0,0,0,0,1,0.3,0.3,0.0294811,0
86,default,86,1,0,0,0.553763,0,0.6,0,0,0,0,0,1,0.3,0.3,0.0153302,0
87,default,87,1,0,0,0.962043,0,0.6,0,0,0,0,0,0.7,0.3,0.3,0.0176887,0
88,default,88,1,0,0,0.137759,0,0.8,0,0,0,0,0,0.7,0.3,0.3,0.00810185,0
89,default,89,1,0,0,0.221899,0,0.6,0,0,0,0,0,0.7,0.3,0.3,0.0119332,0
90,default,90,1,0,0,0.480854,0,0.8,0,0,0,0,0,0.7,0.3,0.3,-0.0131265,0
91,default,91,1,0,0,0.819628,0,0.6,0,0,0,0,0,0.7,0.3,0.3,-0.00849515,0
92,default,92,1,0,0,0.593346,0,0.6,0,0,0,0,0,1,0.3,0.3,-0.0121359,0
93,default,93,1,0,0,0.991565,0.223417,0.8,0,0,0,0,0,1,0.3,0.3,-0.00728155,0
94,default,94,1,0,0,0.991565,0.223417,0.8,0,0,0,0,0,1,0.3,0.3,-0.00728155,0
95,default,95,1,0,0,0.0137153,0,0.6,0,0,0,0,0,1,0.3,1,-0.0145631,0
96,default,96,1,0,0,0.527966,0,0.6,0,0,0,0,0,1,0.3,0.3,-0.0204819,0
97,default,97,1,0,0,0.949332,0,0.8,0,0,0,0,0,1,0.3,0.3,-0.0291375,0
98,default,98,1,0,0,0.136898,0,0.6,0,0,0,0,0,0.7,0.3,0.3,-0.0235849,0
99,default,99,1,0,0,0.780945,0,0.8,0,0,0,0,0,0.7,0.3,0.3,-0.0235849,0
100,default,100,1,0,0,0.845365,0,0.8,0,0,0,0,0,1,0.3,0.3,-0.00233645,0
101,default,101,1,0,0,0.384404,0,0.8,0,0,0,0,0,1,0.3,0.3,-0.0046729,0
102,default,102,1,0,0,0.90439,0.0417243,0.8,0,0,0,0,0,1,0.3,1,0.0046729,0
103,default,103,1,0,0,0.90439,0.0417243,0.8,0,0,0,0,0,1,0.3,1,0.00116822,0
104,default,104,1,0,0,0.434913,0,0.8,0,0,0,0,0,1,0.3,1,0.00116822,0
105,default,105,1,0,0,0.777688,0,0.6,0,0,0,0,0,1,0.3,1,-0.00859951,0
106,default,106,1,0,0,0.365365,0,0.8,0,0,0,0,0,1,0.7,1,0.0138249,0
107,default,107,1,0,0,0.690236,0,0.6,0,0,0,0,0,1,0.7,1,0.0182648,0
108,default,108,1,0,0,0,0,0.6,0,0,0,1,1,1,0.7,0.3,0.0174825,1
109,default,109,1,0,0,0.802128,0,0.6,0,0,0,1,1,0.7,0.7,0.3,0.0314685,1
110,default,110,1,0,0,0,0,0.6,0,0,0,1,1,0.7,0.7,0.3,0.030303,1
111,default,111,1,0,0,0.923743,0,0.6,0,0,0,1,1,0.7,0.7,1,0.039627,1
112,default,112,1,0,0,0.07321,0.01997,0.6,0,0,0,1,1,0.7,0.7,1,0.0337995,1
113,default,113,1,0,0,0.837108,0,0.6,0,0,0,1,1,0.7,0.7,1,0.0337995,1
114,default,114,1,0,0,0.96998,0,0.6,0,0,0,1,1,0.7,0.7,1,0.0268065,1
115,default,115,1,0,0,0.795267,0,0.8,0,0,0,0,0,0.7,0.7,1,0.0184332,0
116,default,116,1,0,0,0.920314,0,0.8,0,0,0,0,0,0.7,0.7,1,0.0156951,0
117,default,117,1,0,0,0.670211,0,0.8,0,0,0,0,0,0.7,0.7,0.7,0.0204545,0
118,default,118,1,0,0,0.796944,0,0.8,0,0,0,0,0,0.7,0.7,0.7,0.0204545,0
119,default,119,1,0,0,0.753745,0,0.8,0,0,0,0,0,0.7,0.7,0.7,0.0262557,0
120,default,120,1,0,0,0.834719,0,0.6,0,0,0,0,0,0.7,0.3,1,0.00456621,0
121,default,121,1,0,0,0.868778,0,0.6,0,0,0.666667,0,0,1,0.3,1,0,0
122,default,122,1,0,0,0.868778,0,0.6,0,0,0,0,0,1,0.3,1,0.00114155,0
123,default,123,1,0,0,0.87759,0,0.6,0,0,0,0,0,1,0.3,1,-0.0125571,0
124,default,124,1,0,0,0.545578,0,0.8,0,0,0,0,0,1,0.3,1,-0.00683371,0
125,default,125,1,0,0,0.849624,0,0.6,0,0,0,0,0,1,0.3,1,-0.00455581,0
126,default,126,1,0,0,0.604966,0,0.8,0,0,0,0,0,1,0.3,1,0.00923788,0
127,default,127,1,0,0,0.83811,0,0.6,0,0,0,0,0,1,0.3,1,0.00923788,0
128,default,128,1,0,0,0.793966,0,0.6,0,0,0.666667,0,0,1,0.3,0.3,0.0126728,0
129,default,129,1,0,0,0.829227,0,0.6,0,0,0,0,0,1,0.3,0.3,0.0172414,0
130,default,130,1,0,0,0.596416,0,0.6,0,0,0,0,0,1,0.3,0.3,0.0195402,0
131,default,131,1,0,0,0.596416,0,0.6,0,0,0,0,0,1,0.3,0.3,0.0149425,0
132,default,132,1,0,0,0.610823,0,0.6,0,0,0,0,0,1,0.3,0.3,0.0149425,0
133,default,133,1,0,0,0.62081,0,0.6,0,0,0.666667,0,0,1,0.3,1,0.0149425,0
134,default,134,1,0,0,0.998877,0,0.6,0.3,0,0.666667,0,0,1,0.3,1,0.0045045,0
135,default,135,1,0,0,0.763702,0,0.6,0,0,0,0,0,1,0.3,0.3,0.00800915,0
136,default,136,1,0,0,0.805426,0,0.6,0.3,0,0,0,0,0.7,0.7,0.3,-0.0215419,0
137,default,137,1,0,0,0.409642,0,0.6,0.3,0,0,0,0,0.7,0.7,0.3,-0.0215419,0
138,default,138,1,0,0,0.612361,0,0.6,0.3,0,0,0,0,1,0.7,0.3,-0.0383721,0
139,default,139,1,0,0,0.612361,0,0.6,0.3,0,0,0,0,1,0.7,0.3,-0.0406977,0
140,default,140,1,0,0,0.192988,0,0.6,0.3,0,0,0,0,1,0.7,0.3,-0.0546512,0
141,default,141,1,0,0,0.192988,0,0.6,0.3,0,0,0,0,1,0.7,0.3,-0.0546512,0
142,default,142,1,0,0,0.0758352,0,0.6,0.3,0,0,0,0,1,0.7,1,-0.0581395,0
143,default,143,1,0,0,0.0758352,0,0.6,0.3,0,0,0,0,1,1,1,-0.0546512,0
144,default,144,1,0,0,0.567967,0,0.8,0.3,0,0,0,0,1,0.7,1,-0.0775463,0
145,default,145,1,0,0,0.721604,0,0.8,0.3,0,0,0,0,1,0.7,0.3,-0.0750605,0
146,default,146,1,0,0,0.177132,0,0.8,0.306912,0,0,0,0,0.7,0.7,0.3,-0.107143,0
147,default,147,1,0,0,0.411585,0,0.8,0.3,0,0,0,0,0.7,0.7,0.3,-0.112644,0
148,default,148,1,0,0,0.661462,0,0.8,0.3,0,0,0,0,1,0.7,0.3,-0.102299,0
149,default,149,1,0,0,0.511107,0,0.8,0.3,0,0,0,0,1,0.7,0.3,-0.105747,0
150,default,150,1,0,0,0.803376,0.324555,0.6,0,0,0,0,0,1,0.7,0.3,-0.0758621,0
151,default,151,1,0,0,0.799237,0.394306,0.6,0.3,0,0,0,0,1,0.7,0.3,-0.0758621,0
152,default,152,1,0,0,0.799237,0.394306,0.6,0.3,0,0,0,0,1,0.7,0.3,-0.0586207,0
153,default,153,1,0,0,0.750064,0.402363,0.6,0.3,0,0,0,0,1,0.7,0.3,-0.0429234,0
154,default,154,1,0,0,0.486113,0.524503,0.6,0.3,0,0,0,0,1,0.7,0.3,-0.0633803,0
155,default,155,1,0,0,0.433489,0.478764,0.6,0.3,0,0,0,0,0.7,0.7,0.3,-0.0471698,0
156,default,156,1,0,0,0.31694,0.515182,0.6,0.3,0,0,0,0,0.7,0.7,0.3,-0.0490654,0
157,default,157,1,0,0,0.512332,0.533865,0.6,0.3,0,0,0,0,0.7,0.7,0.3,-0.0653153,0
158,default,158,1,0,0,0.670306,0.483587,0.6,0.3,0,0,0,0,0.7,1,0.3,-0.0353075,0
159,default,159,1,0,0,0.432772,0.510395,0.6,0.3,0,0,0,0,0.7,1,1,-0.0410023,0
160,default,160,1,0,0,0.978252,0.451278,0.6,0.3,0,0.666667,0,0,0.7,1,1,-0.00569476,0
161,default,161,1,0,0,0.564951,0.508591,0.6,0.3,0,0.666667,0,0,0.7,1,1,0,0
162,default,162,1,0,0,0.875925,0.572953,0.6,0.3,0,0,0,0,0.7,1,1,0,0
163,default,163,1,0,0,0.627974,0.464088,0.8,0.3,0,0.666667,0,0,0.7,1,1,0.010274,0
164,default,164,1,0,0,0.941044,0.443734,0.6,0.3,0,0.666667,0,0,0.7,1,1,0.00606796,0
165,default,165,1,0,0,0.824495,0.561082,0.6,0.3,0,0.666667,0,0,0.7,1,1,0.00853659,0
166,default,166,1,0,0,0.808215,0.535094,0.6,0.3,0,0,0,0,0.7,1,1,0.00853659,0
167,default,167,1,0,0,0.333248,0.423219,0.6,0.3,0,0,0,0,0.7,1,1,0.0171149,0
168,default,168,1,0,0,0.595657,0.473048,0.8,0.468839,0,0,1,1,0.7,1,1,0.0378973,1
169,default,169,1,0,0,0.896281,0.473573,0.8,0.438981,0,0,1,1,1,0.7,1,0.0207824,1
170,default,170,1,0,0,0.896281,0.473573,0.8,0.438981,0,0,1,1,1,0.7,1,0.0232274,1
171,default,171,1,0,0,0.478109,0.386433,0.8,0.3,0,0,1,1,1,0.7,1,0.0427873,1
172,default,172,1,0,0,0.799571,0.295676,0.8,0.3,0,0,0,0,1,0.7,1,0.0222222,0
173,default,173,1,0,0,0.176418,0.402943,0.6,0.3,0,0,0,0,1,0.7,1,0.0276316,0
174,default,174,1,0,0,0.412171,0.391221,0.6,0.3,0,0,0,0,1,0.7,1,0.0327225,0
175,default,175,1,0,0,0.704615,0.414696,0.8,0.637103,0,0,0,0,1,0.7,1,0.0327225,0
176,default,176,1,0,0,0.245483,0.195017,0.8,0.302257,0,0,0,0,1,0.7,1,0.0364963,0
177,default,177,1,0,0,0.586598,0.320698,0.6,0.317735,0,0,0,0,1,1,1,0.0525,0
178,default,178,1,0,0,0.700828,0.326553,0.8,0.3,0,0,0,0,1,1,1,0.0575,0
179,default,179,1,1,0,0.700828,0.326553,0.8,0.3,0,0,1,1,1,1,1,0.055,1
180,default,180,1,1,0,0.341885,0.242459,0.6,0.3,0,0,1,1,1,1,1,0.055,1
181,default,181,1,1,0,0.769562,0.342639,0.6,0.3,0,0,1,1,1,1,1,0.02875,1
182,default,182,1,0,0,0.886411,0.382299,0.8,0.405971,0,0,0,0,1,1,1,0.0106132,0
183,default,183,1,0,0,0.859965,0.418252,0.8,0.397711,0,0,0,0,1,0.7,0.3,0.0631188,0
184,default,184,1,0,0,0.318408,0.610403,0.8,0.446635,0.565955,0,1,1,1,0.7,0.3,0.0565111,1
185,default,185,1,0,0,0.806367,0.056146,0.8,0,0,0,1,1,0.7,0.7,0.3,0.0617284,1
186,default,186,1,0,0,0,0.0886216,0.8,0,0,0,1,1,1,0.3,0.3,0.0740741,1
187,default,187,1,0,0,0.109903,0,0.8,0,0,0,0,0,1,0.3,0.3,0.0344828,0
188,default,188,1,0,0,0.109903,0,0.8,0,0,0,0,0,1,0.3,0.3,0.0301724,0
189,default,189,1,0,0,0.532315,0,0.8,0,0,0,0,0,1,0.3,0.3,0.0301724,0
190,default,190,1,0,0,0.532315,0,0.8,0,0,0,0,0,1,0.3,0.3,0.0247845,0
191,default,191,1,0,0,0.363516,0,0.8,0,0,0,0,0,1,0.3,0.3,0.00215517,0
192,default,192,1,0,0,0.222333,0,0.8,0,0,0,0,0,1,0.3,0.3,0.00544662,0
193,default,193,1,0,0,0.833461,0,0.6,0,0,0,0,0,1,0.7,0.3,0.0435294,0
194,default,194,1,0,0,0.903846,0,0.6,0,0.516994,0,0,0,1,0.3,0.3,0.0539906,0
195,default,195,1,0,0,0.401219,0,0.6,0,0,0,0,0,1,0.7,0.3,0.056582,0
196,default,196,1,0,0,0.594303,0,0.8,0,0.501258,0,1,1,1,0.3,0.3,0.0903614,1
197,default,197,1,0,0,0.691458,0,0.6,0,0,0,1,1,1,0.3,0.3,0.039759,1
198,default,198,1,0,0,0.991552,0,0.6,0,0,0,1,1,1,0.7,0.3,0.0457831,1
199,default,199,1,0,0,0.466071,0,0.6,0,0.510112,0,1,1,1,0.7,0.3,0.0409639,1
200,default,200,1,0,0,0.653372,0,0.6,0,0,0,1,1,1,0.7,0.3,0.0409639,1
201,default,201,1,1,0,0.869736,0,0.6,0,0,0,1,1,1,1,1,0.0607477,1
202,default,202,1,0,0,0.408113,0,0.6,0,0,0,1,1,1,0.7,0.3,0.0703883,1
203,default,203,1,0,0,0.939443,0,0.6,0,0,0,0,0,1,0.3,0.3,0.0807962,0
204,default,204,1,0,0,0.939443,0,0.6,0,0,0,0,0,1,0.3,0.3,0.0807962,0
205,default,205,1,0,0,0.60011,0,0.8,0.3,0,0,1,1,1,0.3,0.3,0.144836,1
206,default,206,1,0,0,0.487001,0,0.8,0.3,0,0,1,1,1,0.3,0.3,0.144304,1
207,default,207,1,0,0,0.791746,0,0.6,0.3,0,0,1,1,1,0.3,0.3,0.103797,1
208,default,208,1,0,0,0.791746,0,0.6,0.3,0,0,1,1,1,0.3,0.3,0.0924051,1
209,default,209,1,0,0,0.842697,0,0.6,0,0,0,1,1,1,0.3,0.3,0.0886076,1
210,default,210,1,0,0,0.915721,0,0.6,0,0,0,1,1,1,0.3,0.3,0.0734177,1
211,default,211,1,0,0,0.346099,0,0.6,0,0,0,1,1,1,0.3,0.3,0.0672589,1
212,default,212,1,0,0,0.416628,0,0.6,0.3,0,0,1,1,1,0.3,0.3,0.0539846,1
213,default,213,1,0,0,0.329055,0,0.6,0.3,0,0,0,0,1,0.3,0.3,0.0531646,0
214,default,214,1,0,0,0.375905,0,0.6,0,0,0,0,0,1,0.3,0.3,0.0636605,0
215,default,215,1,0,0,0.8558,0,0.6,0,0,0,0,0,1,0.3,0.3,0.0509709,0
216,default,216,1,0,0,0.830412,0.00265735,0.6,0,0,0,0,0,1,0.3,0.3,0.0436893,0
217,default,217,1,0,0,0.840109,0.0598377,0.6,0,0,0,0,0,1,0.3,0.3,0.0303398,0
218,default,218,1,0,0,0.848405,0,0.8,0,0,0,0,0,1,0.3,0.3,0.0303398,0
219,default,219,1,0,0,0.830338,0,0.6,0,0,0,0,0,1,0.3,0.3,-0.0254854,0
220,default,220,1,0,0,0.330746,0,0.8,0,0,0,0,0,1,0.7,0.3,0.0593824,0
221,default,221,1,0,0,0.609299,0,0.6,0,0,0,0,0,1,0.7,0.3,-0.0610599,0
222,default,222,1,0,0,0.888105,0.023333,0.6,0,0,0,0,0,1,0.7,0.3,-0.0243309,0
223,default,223,1,0,0,0.430839,0,0.8,0,0.513051,0,0,0,0.7,0.7,0.3,-0.026253,0
224,default,224,1,0,0,0.737704,0,0.6,0,0,0,0,0,0.7,0.7,0.3,-0.041866,0
225,default,225,1,0,0,0.537911,0,0.6,0,0,0,0,0,0.7,0.7,0.3,-0.0368171,0
226,default,226,1,0,0,0.653569,0,0.6,0,0,0,0,0,0.7,0.7,0.3,-0.023753,0
227,default,227,1,0,0,0.327838,0,0.6,0,0,0,0,0,0.7,0.7,0.3,-0.023753,0
228,default,228,1,0,0,0.873505,0,0.6,0,0,0.666667,0,0,1,0.7,0.3,-0.0308789,0
229,default,229,1,0,0,0.743736,0,0.6,0,0,0,0,0,1,0.7,0.3,-0.0154394,0
230,default,230,1,0,0,0.694783,0,0.6,0,0,0,0,0,1,0.7,0.3,-0.0185185,0
231,default,231,1,0,0,0.881136,0,0.6,0,0,0,0,0,0.7,0.7,0.3,-0.00351288,0
232,default,232,1,0,0,0.971008,0,0.8,0.3,0,0,0,0,0.7,1,0.3,0.0893224,0
233,default,233,1,0,0,0.854181,0,0.6,0,0,0,1,1,0.7,1,0.3,0.0893224,1
234,default,234,1,0,0,0.954971,0,0.6,0,0,0,1,1,1,1,0.3,0,1
235,default,235,1,0,0,0.938273,0,0.6,0,0,0,1,1,1,0.7,0.3,0.146091,1
236,default,236,1,0,0,0.858263,0,0.6,0,0,0,1,1,1,1,0.3,0.11214,1
237,default,237,1,0,0,0.858263,0,0.6,0,0,0,1,1,1,1,0.3,0.114198,1
238,default,238,1,0,0,0.763817,0,0.6,0.3,0,0,1,1,1,1,0.3,0.127572,1
239,default,239,1,0,0,0.545674,0,0.6,0,0,0,1,1,1,1,0.3,0.128601,1
240,default,240,1,0,0,0.948795,0,0.6,0,0,0,1,1,1,0.7,0.3,0.119675,1
241,default,241,1,0,0,0,0,0.6,0,0,0,1,1,1,0.7,0.3,0.154176,1
242,default,242,1,0,0,0,0,0.6,0,0,0,1,1,1,0.7,0.3,0.154176,1
243,default,243,1,0,1,0,0,0.6,0,0,0,1,1,1,0.7,0.3,0.166302,1
244,default,244,1,0,0,0.955133,0,0.6,0,0,0,1,1,1,0.7,0.3,0.15678,1
245,default,245,1,0,0,0,0,0.6,0,0,0,1,1,1,0.7,0.3,0.143008,1
246,default,246,1,0,0,0.675915,0,0.6,0,0,0,1,1,1,0.3,0.3,0.0476695,1
247,default,247,1,0,0,0.775599,0,0.6,0,0,0,1,1,1,0.3,0.3,0.0476695,1
248,default,248,1,0,0,0.602889,0,0.6,0,0,0,1,1,1,0.3,0.3,0.0625,1
249,default,249,1,0,0,0.589839,0,0.6,0,0,0,0,0,1,0.3,0.3,0.0211864,0
250,default,250,1,0,0,0,0,0.6,0,0,0,0,0,1,0.3,0.3,0.00833333,0
251,default,251,1,0,0,0.784936,0,0.6,0,0,0,0,0,1,0.3,0.3,-0.00905433,0
252,default,252,1,0,0,0.762388,0,0.6,0,0,0,0,0,1,0.3,0.3,-0.00905433,0
253,default,253,1,0,0,0.708509,0,0.6,0,0,0,0,0,1,0.3,0.3,-0.00305499,0
254,default,254,1,0,0,0.700537,0,0.6,0,0,0,0,0,1,0.3,0.3,0.0265957,0
255,default,255,1,0,0,0,0,0.8,0.3,0,0,0,0,1,0.3,0.3,-0.00106383,0
256,default,256,1,0,0,0,0,0.8,0.3,0,0,0,0,1,0.3,0.3,-0.00106383,0
257,default,257,1,0,0,0,0,0.8,0,0,0,0,0,1,0.3,0.3,-0.00957447,0
258,default,258,1,0,0,0,0,0.8,0,0,0,0,0,1,0.3,0.3,-0.00212766,0
259,default,259,1,0,0,0,0,0.8,0,0,0,0,0,1,0.3,0.3,-0.00212766,0
260,default,260,1,0,0,0.216294,0,0.8,0,0,0,0,0,1,0.3,0.3,0.0628019,0
261,default,261,1,0,0,0.281253,0,0.8,0,0,0,1,1,1,0.3,0.3,0.0614458,1
262,default,262,1,0,0,0.155184,0,0.8,0,0,0,1,1,1,0.3,0.3,0.0534442,1
263,default,263,1,0,0,0.770599,0,0.8,0,0,0,1,1,1,0.3,0.3,0.0480094,1
264,default,264,1,0,0,0.770599,0,0.8,0,0,0,1,1,1,0.3,0.3,0.0620609,1
265,default,265,1,0,0,0.0532668,0,0.8,0,0,0,1,1,1,0.3,0.3,0.0819672,1
266,default,266,1,0,0,0.0992199,0,0.8,0,0,0,1,1,1,0.3,0.3,0.0819672,1
267,default,267,1,0,0,0.35879,0,0.8,0.3,0,0,1,1,1,0.3,0.3,0.0749414,1
268,default,268,1,0,0,0.341023,0,0.8,0,0,0,1,1,1,0.3,0.3,0.0635492,1
269,default,269,1,0,0,0.386897,0,0.8,0,0,0,0,0,1,0.3,0.3,0.0534884,0
270,default,270,1,0,0,0.368198,0,0.8,0,0,0,0,0,1,0.3,0.3,0.0518868,0
271,default,271,1,0,0,0.114917,0.429567,0.8,0.3,0,0,0,0,1,0.3,0.3,0.0777778,0
272,default,272,1,0,0,0.114917,0.429567,0.8,0.3,0,0,0,0,1,0.3,0.3,0.0777778,0
273,default,273,1,0,0,0.162154,0,0,0,0,0,0,0,1,0.7,0.3,0.0258427,0
274,default,274,1,0,0,0.286647,0,0,0,0,0,0,0,1,0.7,0.3,-0.0348315,0
275,default,275,1,0,0,0.289881,0,0,0,0,0,0,0,1,0.7,0.3,-0.0337079,0
276,default,276,1,0,0,0.289881,0,0,0,0,0,0,0,1,0.7,0.3,-0.0269663,0
277,default,277,1,0,0,0.237612,0,0,0,0,0,0,0,1,0.7,0.3,-0.0224719,0
278,default,278,1,0,0,0.766098,0,0.6,0,0,0,0,0,1,1,0.3,0.0120482,0
279,default,279,1,0,0,0.63537,0,0.6,0,0,0,0,0,1,0.7,0.3,-0.00350467,0
280,default,280,1,0,0,0.410769,0.0181878,0.6,0,0,0,0,0,0.7,0.7,0.3,0.0339196,0
281,default,281,1,0,0,0.430995,0,0.6,0,0,0,0,0,0.7,1,0.3,-0.00350467,0
282,default,282,1,0,0,0.301602,0,0,0,0,0,0,0,0.7,0.7,0.3,-0.0577731,0
283,default,283,1,0,0,0.33286,0,0,0,0,0,0,0,0.7,1,0.3,-0.0649485,0
284,default,284,1,0,0,0.33286,0,0,0,0,0,0,0,1,1,0.3,-0.0628866,0
285,default,285,1,0,0,0.298085,0,0,0,0,0,0,0,1,1,0.3,-0.0824742,0
286,default,286,1,0,0,0.778378,0,0,0,0,0,0,0,1,1,0.3,-0.0824742,0
287,default,287,1,0,0,0.65809,0,0,0,0,0,0,0,1,1,0.3,-0.0412371,0
288,default,288,1,0,0,0.65809,0,0,0,0,0,0,0,1,1,0.3,-0.0412371,0
289,default,289,1,0,0,0.922871,0,0,0,0,0,0,0,1,1,0.3,-0.110112,0
290,default,290,1,0,0,0.80725,0.140539,0,0,0.538133,0,0,0,1,1,0.3,-0.189448,0
291,default,291,1,0,0,0.829665,0,0,0,0,0,0,0,1,1,0.3,-0.223587,0
292,default,292,1,0,0,0.738851,0.135965,0,0,0.563861,0,0,0,1,1,0.3,-0.260442,0
293,default,293,1,0,0,0.745933,0.107658,0.6,0,0.580416,0,0,0,1,1,0.3,-0.244472,0
294,default,294,1,0,0,0.745933,0.107658,0.6,0,0.580416,0,0,0,1,1,0.3,-0.281327,0
295,default,295,1,0,0,0.182234,0,0.6,0,0.514695,0,0,0,1,1,0.3,-0.244472,0
296,default,296,1,0,0,0.182234,0,0.6,0,0.514695,0,0,0,1,1,1,-0.192875,0
297,default,297,1,0,0,0.93776,0.281203,0.6,0.3,0,0,0,0,1,1,0.3,-0.186104,0
298,default,298,1,0,0,0.852261,0.165505,0.6,0.3,0,0,0,0,1,1,0.3,-0.164619,0
299,default,299,1,0,0,0.612461,0,0.6,0.3,0,0,0,0,1,1,0.3,-0.175182,0
300,default,300,1,0,0,0.686962,0.145174,0.6,0,0,0,0,0,1,1,0.3,-0.182254,0
301,default,301,1,0,0,0.845678,0,0.8,0.3,0,0,0,0,1,0.7,0.3,-0.179087,0
302,default,302,1,0,0,0.260065,0,0.8,0,0,0,0,0,1,0.7,0.7,-0.176683,0
303,default,303,1,0,0,0.859329,0.160039,0.8,0.3,0,0,0,0,1,0.7,0.3,-0.106971,0
304,default,304,1,0,0,0.860726,0.0227866,0.6,0.3,0,0,0,0,1,0.3,0.3,-0.0348558,0
305,default,305,1,0,0,0.801284,0.104903,0.6,0.3,0,0,0,0,1,0.3,0.3,-0.00600962,0
306,default,306,1,0,0,0.995564,0.178508,0.6,0.3,0,0,0,0,1,0.3,0.3,-0.00600962,0
307,default,307,1,0,0,0.751006,0,0.8,0.526909,0,0,0,0,1,0.3,0.3,0,0
308,default,308,1,0,0,0.717157,0,0.8,0.396921,0,0,0,0,0.7,0.3,0.3,-0.0195853,0
309,default,309,1,0,0,0.586552,0,0.8,0.3,0,0,0,0,0.7,0.3,0.7,-0.0172811,0
310,default,310,1,0,0,0.446402,0.15863,0.8,0.3,0,0,0,0,0.7,0.3,0.7,0,0
311,default,311,1,0,0,0.729541,0,0.6,0.3,0,0,0,0,0.7,0.3,0.7,0.00595238,0
312,default,312,1,0,0,0.431581,0.13245,0.8,0.3,0,0,0,0,0.7,0.3,0.3,-0.0130952,0
313,default,313,1,0,0,0.431581,0.13245,0.8,0.3,0,0,0,0,0.7,0.3,0.3,-0.00119048,0
314,default,314,1,0,0,0.966945,0,0.6,0.3,0,0,0,0,1,0.3,0.3,0.00833333,0
315,default,315,1,0,1,0.0956677,0,0.8,0.3,0,0,0,0,1,0.3,0.3,0.0047619,0
316,default,316,1,0,0.7,0.914334,0,0.8,0.320806,0,0,0,0,1,0.7,0.3,-0.0115741,0
317,default,317,1,0,0.7,0.51844,0,0.8,0.450959,0,0,0,0,1,0.3,0.3,-0.0135747,0
318,default,318,1,0,0,0.862301,0,0.8,0.3,0,0,0,0,0.7,0.3,0.3,-0.0116822,0
319,default,319,1,0,0,0.821033,0,0.6,0.3,0,0,0,0,0.7,0.3,0.3,-0.00823529,0
320,default,320,1,0,0,0.701418,0,0.8,0.3,0,0,0,0,0.7,0.3,0.7,-0.00478469,0
321,default,321,1,0,0,0.875064,0.0255754,0.8,0.3,0,0,0,0,1,0.3,0.7,-0.00481928,0
322,default,322,1,0,0,0.944644,0.0774691,0.8,0.3,0,0,0,0,1,0.3,0.3,0.0156627,0
323,default,323,1,0,0,0.68097,0.0569754,0.6,0.3,0,0,0,0,1,0.3,0.3,0.013253,0
324,default,324,1,0,0,0.253715,0,0.6,0.3,0,0,0,0,1,0.3,0.3,-0.00481928,0
325,default,325,1,0,0,0.468769,0,0.6,0.3,0,0,0,0,1,0.3,0.3,-0.00120482,0
326,default,326,1,0,0,0.556455,0,0.6,0.3,0,0,0,0,1,0.3,0.3,-0.0060241,0
327,default,327,1,0,0,0.561002,0.0573834,0.6,0.3,0,0,0,0,1,0.3,0.3,-0.029976,0
328,default,328,1,0,0,0.369155,0,0.8,0.3,0,0,0,0,1,0.7,0.3,-0.0169903,0
329,default,329,1,0,0,0.453506,0,0.8,0.3,0,0,0,0,1,0.7,0.3,-0.0108434,0
330,default,330,1,0,0,0.625966,0,0.8,0.3,0,0,0,0,1,0.7,0.3,-0.0170843,0
331,default,331,1,0,0,0.445714,0.0305509,0.8,0.3,0,0,0,0,1,0.7,0.3,-0.0125858,0
332,default,332,1,0,0,0.303389,0.0748566,0.8,0.3,0,0,0,0,1,0.7,0.3,-0.0148741,0
333,default,333,1,0,0,0.62986,0.0484053,0.6,0.3,0,0,0,0,1,0.7,0.3,-0.0183066,0
334,default,334,1,0,0,0.59611,0.13536,0.6,0.3,0,0,0,0,1,0.7,1,-0.0217391,0
335,default,335,1,0,0,0.618396,0,0.6,0.3,0,0,0,0,1,0.7,1,-0.02746,0
336,default,336,1,0,0,0.510452,0,0.6,0.3,0,0,0,0,1,0.7,1,-0.0465632,0
337,default,337,1,0,0,0.798831,0.0712423,0.6,0.3,0,0,0,0,0.7,0.7,0.3,-0.0385463,0
338,default,338,1,0,0,0.516941,0,0.8,0.3,0,0,0,0,0.7,0.3,0.3,-0.0368304,0
339,default,339,1,0,0,0.778092,0,0.6,0.3,0,0,0,0,0.7,0.3,0.3,-0.0368304,0
340,default,340,1,0,0,0.907189,0,0.6,0,0,0,0,0,0.7,0.7,0.3,-0.0746269,0
341,default,341,1,0,0,0.931444,0,0.6,0,0,0,0,0,1,0.3,0.3,-0.0533049,0
342,default,342,1,0,0,0.786767,0.0532431,0.6,0,0,0,0,0,1,0.3,0.3,-0.0572354,0
343,default,343,1,0,0,0.917761,0,0.6,0,0,0,0,0,1,0.3,0.3,-0.0703625,0
344,default,344,1,0,0,0.631794,0,0.6,0,0,0,0,0,1,0.3,0.3,-0.0511727,0
345,default,345,1,0,0,0.543013,0,0.8,0,0,0,0,0,1,0.3,0.3,-0.0431965,0
346,default,346,1,0,0,0.59184,0,0.8,0,0,0,0,0,1,0.3,0.3,-0.0340136,0
347,default,347,1,0,0,0.59184,0,0.8,0,0,0,0,0,1,0.3,0.3,-0.0340136,0
348,default,348,1,0,0,0.332148,0,0.6,0,0,0,0,0,1,0.3,0.3,-0.0363436,0
349,default,349,1,0,0,0.332148,0,0.6,0,0,0,0,0,1,0.3,0.3,-0.0363436,0
350,default,350,1,0,0,0.752914,0,0.6,0,0,0.666667,0,0,1,0.3,0.3,-0.0153846,0
351,default,351,1,0,0,0.844635,0,0.8,0,0,0,0,0,1,0.7,0.3,-0.0228758,0
352,default,352,1,0,0,0.766066,0,0.8,0,0,0,0,0,1,0.7,0.3,-0.0250545,0
353,default,353,1,0,0,0.766066,0,0.8,0,0,0,0,0,1,0.7,0.3,-0.0250545,0
354,default,354,1,0,0,0.963662,0,0.8,0,0,0,0,0,1,0.7,1,0.0197802,0
355,default,355,1,0,0,0.461404,0,0.8,0,0,0,0,0,1,0.7,1,0.00110132,0
356,default,356,1,0,0,0.47737,0,0.8,0,0,0,0,0,1,0.7,1,-0.0192308,0
357,default,357,1,0,0,0,0,0.6,0,0,0,0,0,1,0.7,1,-0.0296296,0
358,default,358,1,0,0,0.439464,0,0.6,0.3,0.528255,0,0,0,1,0.7,1,-0.0296296,0
359,default,359,1,0,0,0.306695,0,0.6,0,0.568194,0,0,0,1,0.7,1,-0.0271605,0
360,default,360,1,0,0,0.426507,0,0.6,0,0.587978,0,0,0,1,1,1,-0.0395062,0
361,default,361,1,0,0,0.675524,0,0.6,0,0.577588,0,0,0,1,1,1,-0.0395062,0
362,default,362,1,0,0,0.606038,0,0.6,0,0.582312,0,0,0,1,1,1,-0.0358025,0
363,default,363,1,0,0,0.628587,0,0.6,0,0.596432,0,0,0,1,1,1,-0.0358025,0
364,default,364,1,0,0,0.702223,0,0.6,0,0.54506,0,0,0,1,1,1,-0.0448878,0
365,default,365,1,0,0,0.860304,0,0.6,0,0.501355,0,0,0,1,1,1,-0.032634,0
366,default,366,1,0,0,0.875918,0,0.6,0,0,0,0,0,1,1,1,-0.010514,0
367,default,367,1,0,0,0.786252,0,0.6,0,0,0,1,1,1,1,1,-0.010514,1
368,default,368,1,1,0,0.850915,0,0.6,0,0.502483,0,1,1,1,1,1,0,1
369,default,369,1,1,0,0.910686,0.0589592,0.8,0,0,0,1,1,1,1,1,0.0174014,1
370,default,370,1,1,0,0.752048,0,0.8,0,0,0,1,1,1,1,1,0.0290023,1
371,default,371,1,0,0,0.752048,0,0.8,0,0,0,1,1,1,0.7,1,0.0464037,1
372,default,372,1,1,0.7,0.916213,0,0.6,0,0.520602,0,1,1,1,1,1,0.0464037,1
373,default,373,1,1,0,0.982822,0,0.6,0,0,0,1,1,1,1,1,0.0324826,1
374,default,374,1,0,0,0.451044,0,0.6,0,0,0,1,1,1,1,1,0.0877193,1
375,default,375,1,1,0.7,0.830107,0,0.8,0,0.514854,0,1,1,1,1,1,0.0769231,1
376,default,376,1,0,0.7,0.739493,0,0.8,0,0.509604,0,1,1,1,0.7,0.3,0.0681818,1
377,default,377,1,0,0,0.787077,0,0.8,0,0,0,1,1,1,0.7,0.3,0.0681818,1
378,default,378,1,0,0,0.629831,0,0.8,0,0,0,0,0,1,0.7,0.3,0.0462085,0
379,default,379,1,0,0,0.629831,0,0.8,0,0,0,0,0,1,0.7,0.3,0.0367299,0
380,default,380,1,0,0,0.56519,0,0.8,0,0,0,0,0,1,0.7,0.3,0.014218,0
381,default,381,1,0,0,0.56519,0,0.8,0,0,0,0,0,1,0.7,0.3,0.014218,0
382,default,382,1,0,0.7,0.974121,0,0.8,0,0,0,0,0,1,0.7,0.3,0.0035545,0
383,default,383,1,0,0.7,0.974121,0,0.8,0,0,0,0,0,1,0.7,0.3,0.00592417,0
384,default,384,1,0,0.7,0.80749,0,0.6,0,0,0,0,0,1,0.7,0.3,-0.0229885,0
385,default,385,1,0,0,0.837186,0,0.8,0,0,0,0,0,1,0.7,0.3,-0.0135468,0
386,default,386,1,0,0,0.795374,0.0420189,0.8,0,0,0,0,0,1,0.7,0.3,-0.0440835,0
387,default,387,1,0,0,0.321505,0.47687,0.8,0,0,0,0,0,0.7,0.7,0.3,-0.0410798,0
388,default,388,1,0,0,0.817366,0.149044,0.6,0,0,0,0,0,1,0.7,0.3,-0.0903756,0
389,default,389,1,0,0,0.772258,0.181299,0.6,0,0,0,0,0,1,0.7,0.3,-0.0809859,0
390,default,390,1,0,0,0.450692,0,0.6,0,0,0,0,0,1,0.7,0.3,-0.0751174,0
391,default,391,1,0,0,0.931114,0,0.6,0,0,0,0,0,1,0.7,0.3,-0.0751174,0
392,default,392,1,0,0,0.931114,0,0.6,0,0,0,0,0,1,0.7,1,-0.0469484,0
393,default,393,1,0,0,0.938928,0.2955,0.8,0.3,0,0,0,0,1,0.7,0.3,-0.0605701,0
394,default,394,1,0,1,0.723168,0.0436223,0.8,0.3,0,0,0,0,1,0.7,0.3,-0.0602837,0
395,default,395,1,0,1,0.851317,0,0.8,0,0,0,0,0,1,0.3,0.3,-0.0588235,0
396,default,396,1,0,1,0.918235,0,0.8,0,0,0,0,0,1,0.7,0.3,-0.0630631,0
397,default,397,1,0,1,0.741173,0,0.8,0,0,0,0,0,1,0.7,0.3,-0.0743707,0
398,default,398,1,0,1,0.699389,0,0.8,0,0,0,0,0,1,0.3,0.3,-0.0457666,0
399,default,399,1,0,1,0.699389,0,0.8,0,0,0,0,0,1,0.3,0.3,-0.0560641,0
400,default,400,1,0,1,0.730175,0,0.8,0,0,0,0,0,1,0.3,0.3,-0.0251716,0
401,default,401,1,0,1,0.78704,0,0.8,0,0,0,0,0,1,0.3,0.3,-0.0286041,0
402,default,402,1,0,1,0.78704,0,0.8,0,0,0,0,0,1,0.3,0.3,-0.0286041,0
403,default,403,1,0,1,0.741043,0,0.8,0,0,0,0,0,1,0.3,0.3,-0.0431818,0
404,default,404,1,0,1,0.612761,0.192802,0.8,0,0,0,0,0,1,0.7,0.3,-0.0168539,0
405,default,405,1,0,1,0.599725,0.277002,0.8,0,0,0,0,0,1,0.3,0.3,-0.0168539,0
406,default,406,1,0,1,0.810117,0,0.8,0,0,0,0,0,1,0.3,0.3,-0.0179372,0
407,default,407,1,0,1,0.426523,0,0.8,0,0,0,0,0,1,0.7,1,-0.0366748,0
408,default,408,1,0,1,0.426523,0,0.8,0,0,0,0,0,1,1,1,-0.0366748,0
409,default,409,1,0,0,0.949481,0,0.6,0,0,0,0,0,1,1,1,-0.0354523,0
410,default,410,1,0,1,0.767213,0,0.6,0,0,0,0,0,1,1,1,-0.0305623,0
411,default,411,1,0,1,0.605024,0.200002,0.8,0,0,0,0,0,1,1,1,-0.0195599,0
412,default,412,1,0,1,0.525736,0.0749989,0.8,0,0,0,0,0,1,1,1,-0.0170316,0
413,default,413,1,0,1,0.421327,0,0.8,0,0,0,0,0,1,1,1,-0.0023753,0
414,default,414,1,0,1,0.374355,0.186819,0.8,0,0,0,0,0,1,1,1,0.0282805,0
415,default,415,1,0,1,0.881424,0.28229,0.8,0,0,0,0,0,1,1,0.3,0.00484262,0
416,default,416,1,0,1,0.54039,0.00303066,0.8,0,0,0,0,0,1,1,0.3,0.00484262,0
417,default,417,1,0,1,0.910319,0.13771,0.8,0,0,0,0,0,1,1,0.3,0,0
418,default,418,1,0,1,0.714563,0,0.8,0,0,0,0,0,1,1,1,-0.0293367,0
419,default,419,1,0,1,0.568444,0,0.8,0.3,0,0,0,0,1,1,1,-0.0293367,0
420,default,420,1,0,1,0.568444,0,0.8,0.3,0,0,0,0,1,1,1,-0.0280612,0
421,default,421,1,0,0,0.356194,0,0.6,0,0,0,0,0,1,1,1,0.00382653,0
422,default,422,1,0,0,0.176964,0,0.8,0.3,0,0,0,0,1,1,1,-0.012987,0
423,default,423,1,0,0,0.448698,0,0.8,0,0,0,0,0,1,1,1,-0.0259563,0
424,default,424,1,0,0,0,0,0.6,0,0,0,0,0,1,0.7,0.3,-0.032,0
425,default,425,1,0,0,0.448269,0,0,0,0,0,0,0,1,0.7,0.3,-0.0318302,0
426,default,426,1,0,0,0.240564,0,0.8,0,0,0,0,0,1,0.7,0.3,-0.0344828,0
